{"Savanna fires":1188.3908927603,"Forest fires":919.302167142,"Crop Residues":998.7063092001,"Rice Cultivation":4259.6666734362,"Drained organic soils (CO2)":3503.2286360373,"Pesticides Manufacturing":333.4183929741,"Food Transport":1939.5817602585,"Food Household Consumption":4847.5803843346,"Food Retail":2043.2105386432,"On-farm Electricity Use":1626.6814597752,"Food Packaging":1658.6298076533,"Agrifood Systems Waste Disposal":6018.4446327402,"Food Processing":3872.7244611699,"Fertilizers Manufacturing":3035.723355912}