{"Year":{"0":1990,"1":1991,"2":1992,"3":1993,"4":1994,"5":1995,"6":1996,"7":1997,"8":1998,"9":1999,"10":2000,"11":2001,"12":2002,"13":2003,"14":2004,"15":2005,"16":2006,"17":2007,"18":2008,"19":2009,"20":2010,"21":2011,"22":2012,"23":2013,"24":2014,"25":2015,"26":2016,"27":2017,"28":2018,"29":2019,"30":2020},"total_emission":{"0":11089596.9173028618,"1":11271684.4606077429,"2":11164674.5180186462,"3":11260497.8195443116,"4":11491275.6532908678,"5":11896121.5117250253,"6":11826321.3731021341,"7":13015624.2951989938,"8":12479395.9786708821,"9":12422372.623636635,"10":12383195.8425005414,"11":12332728.6566652469,"12":13057702.5469511915,"13":13180434.1554994788,"14":14263867.5755973011,"15":14421538.3768106215,"16":15348054.2637996916,"17":15263477.8169950712,"18":15351776.7726532202,"19":15866207.1063192766,"20":16172411.6409072075,"21":15311078.0329369474,"22":15665201.3765082434,"23":16072464.4976534117,"24":16773677.5050323531,"25":16743073.6685266253,"26":17473704.0982927047,"27":17698682.2116167471,"28":18111821.3639125004,"29":18564358.6225739308,"30":18422494.2037540786}}